тентованный,2022-08-31 09:23:15.695+00,2022-08-31 09:23:15.695+00
контейнер,2022-08-31 09:23:15.695+00,2022-08-31 09:23:15.695+00
фургон,2022-08-31 09:23:15.695+00,2022-08-31 09:23:15.695+00
цельнометалл,2022-08-31 09:23:15.695+00,2022-08-31 09:23:15.695+00
изотермический,2022-08-31 09:23:15.695+00,2022-08-31 09:23:15.695+00
рефрижератор,2022-08-31 09:23:15.695+00,2022-08-31 09:23:15.695+00
реф мультирежимный,2022-08-31 09:23:15.695+00,2022-08-31 09:23:15.695+00
реф с перегородкой,2022-08-31 09:23:15.695+00,2022-08-31 09:23:15.695+00
реф тушевоз,2022-08-31 09:23:15.695+00,2022-08-31 09:23:15.695+00
бортовой,2022-08-31 09:23:15.695+00,2022-08-31 09:23:15.695+00
открытый конт,2022-08-31 09:23:15.695+00,2022-08-31 09:23:15.695+00
площадка без бортов,2022-08-31 09:23:15.695+00,2022-08-31 09:23:15.695+00
самосвал,2022-08-31 09:23:15.695+00,2022-08-31 09:23:15.695+00
шаланда,2022-08-31 09:23:15.695+00,2022-08-31 09:23:15.695+00
низкорамный,2022-08-31 09:23:15.695+00,2022-08-31 09:23:15.695+00
низкорам,2022-08-31 09:23:15.695+00,2022-08-31 09:23:15.695+00
платф,2022-08-31 09:23:15.695+00,2022-08-31 09:23:15.695+00
телескопический,2022-08-31 09:23:15.695+00,2022-08-31 09:23:15.695+00
трал,2022-08-31 09:23:15.695+00,2022-08-31 09:23:15.695+00
балковоз (негабарит),2022-08-31 09:23:15.695+00,2022-08-31 09:23:15.695+00
автобус,2022-08-31 09:23:15.695+00,2022-08-31 09:23:15.695+00
автовоз,2022-08-31 09:23:15.695+00,2022-08-31 09:23:15.695+00
автовышка,2022-08-31 09:23:15.695+00,2022-08-31 09:23:15.695+00
автотранспортер,2022-08-31 09:23:15.695+00,2022-08-31 09:23:15.695+00
бетоновоз,2022-08-31 09:23:15.695+00,2022-08-31 09:23:15.695+00
битумовоз,2022-08-31 09:23:15.695+00,2022-08-31 09:23:15.695+00
бензовоз,2022-08-31 09:23:15.695+00,2022-08-31 09:23:15.695+00
вездеход,2022-08-31 09:23:15.695+00,2022-08-31 09:23:15.695+00
газовоз,2022-08-31 09:23:15.695+00,2022-08-31 09:23:15.695+00
зерновоз,2022-08-31 09:23:15.695+00,2022-08-31 09:23:15.695+00
коневоз,2022-08-31 09:23:15.695+00,2022-08-31 09:23:15.695+00
контейнеровоз,2022-08-31 09:23:15.695+00,2022-08-31 09:23:15.695+00
кормовоз,2022-08-31 09:23:15.695+00,2022-08-31 09:23:15.695+00
кран,2022-08-31 09:23:15.695+00,2022-08-31 09:23:15.695+00
лесовоз,2022-08-31 09:23:15.695+00,2022-08-31 09:23:15.695+00
ломовоз,2022-08-31 09:23:15.695+00,2022-08-31 09:23:15.695+00
манипулятор,2022-08-31 09:23:15.695+00,2022-08-31 09:23:15.695+00
микроавтобус,2022-08-31 09:23:15.695+00,2022-08-31 09:23:15.695+00
муковоз,2022-08-31 09:23:15.695+00,2022-08-31 09:23:15.695+00
панелевоз,2022-08-31 09:23:15.695+00,2022-08-31 09:23:15.695+00
пухтовоз,2022-08-31 09:23:15.695+00,2022-08-31 09:23:15.695+00
пирамида,2022-08-31 09:23:15.695+00,2022-08-31 09:23:15.695+00
рулоновоз,2022-08-31 09:23:15.695+00,2022-08-31 09:23:15.695+00
седельный тягач,2022-08-31 09:23:15.695+00,2022-08-31 09:23:15.695+00
скотовоз,2022-08-31 09:23:15.695+00,2022-08-31 09:23:15.695+00
стекловоз,2022-08-31 09:23:15.695+00,2022-08-31 09:23:15.695+00
трубовоз,2022-08-31 09:23:15.695+00,2022-08-31 09:23:15.695+00
цементовоз,2022-08-31 09:23:15.695+00,2022-08-31 09:23:15.695+00
цистерна,2022-08-31 09:23:15.695+00,2022-08-31 09:23:15.695+00
щеповоз,2022-08-31 09:23:15.695+00,2022-08-31 09:23:15.695+00
эвакуатор,2022-08-31 09:23:15.695+00,2022-08-31 09:23:15.695+00
грузопассажирский,2022-08-31 09:23:15.695+00,2022-08-31 09:23:15.695+00
клюшковоз,2022-08-31 09:23:15.695+00,2022-08-31 09:23:15.695+00
мусоровоз,2022-08-31 09:23:15.695+00,2022-08-31 09:23:15.695+00
jumbo,2022-08-31 09:23:15.695+00,2022-08-31 09:23:15.695+00
20 танк-контейнер,2022-08-31 09:23:15.695+00,2022-08-31 09:23:15.695+00
40 танк-контейнер,2022-08-31 09:23:15.695+00,2022-08-31 09:23:15.695+00
мега фура,2022-08-31 09:23:15.695+00,2022-08-31 09:23:15.695+00
допельшток,2022-08-31 09:23:15.695+00,2022-08-31 09:23:15.695+00
