Автомобиль,2022-08-31 09:23:15.695+00,2022-08-31 09:23:15.695+00
автошины,2022-08-31 09:23:15.695+00,2022-08-31 09:23:15.695+00
алкогольные напитки,2022-08-31 09:23:15.695+00,2022-08-31 09:23:15.695+00
арматура,2022-08-31 09:23:15.695+00,2022-08-31 09:23:15.695+00
балки надрессорные,2022-08-31 09:23:15.695+00,2022-08-31 09:23:15.695+00
безалкогольные напитки,2022-08-31 09:23:15.695+00,2022-08-31 09:23:15.695+00
боковая рама,2022-08-31 09:23:15.695+00,2022-08-31 09:23:15.695+00
бумага,2022-08-31 09:23:15.695+00,2022-08-31 09:23:15.695+00
бытовая техника,2022-08-31 09:23:15.695+00,2022-08-31 09:23:15.695+00
бытовая химия,2022-08-31 09:23:15.695+00,2022-08-31 09:23:15.695+00
вагонка,2022-08-31 09:23:15.695+00,2022-08-31 09:23:15.695+00
газосиликатные блоки,2022-08-31 09:23:15.695+00,2022-08-31 09:23:15.695+00
гипс,2022-08-31 09:23:15.695+00,2022-08-31 09:23:15.695+00
гофрокартон,2022-08-31 09:23:15.695+00,2022-08-31 09:23:15.695+00
грибы,2022-08-31 09:23:15.695+00,2022-08-31 09:23:15.695+00
двери,2022-08-31 09:23:15.695+00,2022-08-31 09:23:15.695+00
ДВП,2022-08-31 09:23:15.695+00,2022-08-31 09:23:15.695+00
домашний переезд,2022-08-31 09:23:15.695+00,2022-08-31 09:23:15.695+00
доски древесина,2022-08-31 09:23:15.695+00,2022-08-31 09:23:15.695+00
древесный уголь,2022-08-31 09:23:15.695+00,2022-08-31 09:23:15.695+00
ДСП,2022-08-31 09:23:15.695+00,2022-08-31 09:23:15.695+00
ж/д запчасти (прочие),2022-08-31 09:23:15.695+00,2022-08-31 09:23:15.695+00
ЖБИ,2022-08-31 09:23:15.695+00,2022-08-31 09:23:15.695+00
животные,2022-08-31 09:23:15.695+00,2022-08-31 09:23:15.695+00
зерно и семена (в упаковке),2022-08-31 09:23:15.695+00,2022-08-31 09:23:15.695+00
игрушки,2022-08-31 09:23:15.695+00,2022-08-31 09:23:15.695+00
изделия из кожи,2022-08-31 09:23:15.695+00,2022-08-31 09:23:15.695+00
изделия из металла,2022-08-31 09:23:15.695+00,2022-08-31 09:23:15.695+00
изделия из резины,2022-08-31 09:23:15.695+00,2022-08-31 09:23:15.695+00
инструмент,2022-08-31 09:23:15.695+00,2022-08-31 09:23:15.695+00
кабель,2022-08-31 09:23:15.695+00,2022-08-31 09:23:15.695+00
канцтовары,2022-08-31 09:23:15.695+00,2022-08-31 09:23:15.695+00
кирпич,2022-08-31 09:23:15.695+00,2022-08-31 09:23:15.695+00
ковры,2022-08-31 09:23:15.695+00,2022-08-31 09:23:15.695+00
колесная пара,2022-08-31 09:23:15.695+00,2022-08-31 09:23:15.695+00
компьютеры,2022-08-31 09:23:15.695+00,2022-08-31 09:23:15.695+00
кондитерские изделия,2022-08-31 09:23:15.695+00,2022-08-31 09:23:15.695+00
консервы,2022-08-31 09:23:15.695+00,2022-08-31 09:23:15.695+00
кормовые/ пищевые добавки,2022-08-31 09:23:15.695+00,2022-08-31 09:23:15.695+00
крупа,2022-08-31 09:23:15.695+00,2022-08-31 09:23:15.695+00
ЛДСП,2022-08-31 09:23:15.695+00,2022-08-31 09:23:15.695+00
люди,2022-08-31 09:23:15.695+00,2022-08-31 09:23:15.695+00
макулатура,2022-08-31 09:23:15.695+00,2022-08-31 09:23:15.695+00
мебель,2022-08-31 09:23:15.695+00,2022-08-31 09:23:15.695+00
медикаменты,2022-08-31 09:23:15.695+00,2022-08-31 09:23:15.695+00
мел,2022-08-31 09:23:15.695+00,2022-08-31 09:23:15.695+00
металл,2022-08-31 09:23:15.695+00,2022-08-31 09:23:15.695+00
металлолом,2022-08-31 09:23:15.695+00,2022-08-31 09:23:15.695+00
минвата,2022-08-31 09:23:15.695+00,2022-08-31 09:23:15.695+00
молоко сухое,2022-08-31 09:23:15.695+00,2022-08-31 09:23:15.695+00
мороженое,2022-08-31 09:23:15.695+00,2022-08-31 09:23:15.695+00
мука,2022-08-31 09:23:15.695+00,2022-08-31 09:23:15.695+00
мясо,2022-08-31 09:23:15.695+00,2022-08-31 09:23:15.695+00
нефтепродукты,2022-08-31 09:23:15.695+00,2022-08-31 09:23:15.695+00
оборудование и запчасти,2022-08-31 09:23:15.695+00,2022-08-31 09:23:15.695+00
оборудование медицинское,2022-08-31 09:23:15.695+00,2022-08-31 09:23:15.695+00
обувь,2022-08-31 09:23:15.695+00,2022-08-31 09:23:15.695+00
овощи,2022-08-31 09:23:15.695+00,2022-08-31 09:23:15.695+00
огнеупорная продукция,2022-08-31 09:23:15.695+00,2022-08-31 09:23:15.695+00
одежда,2022-08-31 09:23:15.695+00,2022-08-31 09:23:15.695+00
парфюмерия и косметика,2022-08-31 09:23:15.695+00,2022-08-31 09:23:15.695+00
пенопласт,2022-08-31 09:23:15.695+00,2022-08-31 09:23:15.695+00
песок,2022-08-31 09:23:15.695+00,2022-08-31 09:23:15.695+00
пиво,2022-08-31 09:23:15.695+00,2022-08-31 09:23:15.695+00
пиломатериалы,2022-08-31 09:23:15.695+00,2022-08-31 09:23:15.695+00
пластик,2022-08-31 09:23:15.695+00,2022-08-31 09:23:15.695+00
поглощающий препарат,2022-08-31 09:23:15.695+00,2022-08-31 09:23:15.695+00
поддоны,2022-08-31 09:23:15.695+00,2022-08-31 09:23:15.695+00
продукты питания,2022-08-31 09:23:15.695+00,2022-08-31 09:23:15.695+00
профлист,2022-08-31 09:23:15.695+00,2022-08-31 09:23:15.695+00
птица,2022-08-31 09:23:15.695+00,2022-08-31 09:23:15.695+00
рыба (неживая),2022-08-31 09:23:15.695+00,2022-08-31 09:23:15.695+00
сантехника,2022-08-31 09:23:15.695+00,2022-08-31 09:23:15.695+00
сахар,2022-08-31 09:23:15.695+00,2022-08-31 09:23:15.695+00
сборный груз,2022-08-31 09:23:15.695+00,2022-08-31 09:23:15.695+00
соки,2022-08-31 09:23:15.695+00,2022-08-31 09:23:15.695+00
соль,2022-08-31 09:23:15.695+00,2022-08-31 09:23:15.695+00
СОНК (КП),2022-08-31 09:23:15.695+00,2022-08-31 09:23:15.695+00
стекло и фарфор,2022-08-31 09:23:15.695+00,2022-08-31 09:23:15.695+00
стеклотара (бутылки и др.),2022-08-31 09:23:15.695+00,2022-08-31 09:23:15.695+00
стройматериалы,2022-08-31 09:23:15.695+00,2022-08-31 09:23:15.695+00
сэндвич панели,2022-08-31 09:23:15.695+00,2022-08-31 09:23:15.695+00
табачные изделия,2022-08-31 09:23:15.695+00,2022-08-31 09:23:15.695+00
тара и упаковка,2022-08-31 09:23:15.695+00,2022-08-31 09:23:15.695+00
текстиль,2022-08-31 09:23:15.695+00,2022-08-31 09:23:15.695+00
ТНП,2022-08-31 09:23:15.695+00,2022-08-31 09:23:15.695+00
торф,2022-08-31 09:23:15.695+00,2022-08-31 09:23:15.695+00
транспортные средства,2022-08-31 09:23:15.695+00,2022-08-31 09:23:15.695+00
трубы,2022-08-31 09:23:15.695+00,2022-08-31 09:23:15.695+00
удобрения,2022-08-31 09:23:15.695+00,2022-08-31 09:23:15.695+00
утеплитель,2022-08-31 09:23:15.695+00,2022-08-31 09:23:15.695+00
фанера,2022-08-31 09:23:15.695+00,2022-08-31 09:23:15.695+00
ферросплавы,2022-08-31 09:23:15.695+00,2022-08-31 09:23:15.695+00
фрукты,2022-08-31 09:23:15.695+00,2022-08-31 09:23:15.695+00
химпродукты (неопасные),2022-08-31 09:23:15.695+00,2022-08-31 09:23:15.695+00
химпродукты (опасные),2022-08-31 09:23:15.695+00,2022-08-31 09:23:15.695+00
хозтовары,2022-08-31 09:23:15.695+00,2022-08-31 09:23:15.695+00
холодильное оборудование,2022-08-31 09:23:15.695+00,2022-08-31 09:23:15.695+00
цветы,2022-08-31 09:23:15.695+00,2022-08-31 09:23:15.695+00
цемент,2022-08-31 09:23:15.695+00,2022-08-31 09:23:15.695+00
чипсы,2022-08-31 09:23:15.695+00,2022-08-31 09:23:15.695+00
шкуры мокросоленые,2022-08-31 09:23:15.695+00,2022-08-31 09:23:15.695+00
шпалы,2022-08-31 09:23:15.695+00,2022-08-31 09:23:15.695+00
щебень,2022-08-31 09:23:15.695+00,2022-08-31 09:23:15.695+00
электроника,2022-08-31 09:23:15.695+00,2022-08-31 09:23:15.695+00
ягоды,2022-08-31 09:23:15.695+00,2022-08-31 09:23:15.695+00
20 контейнер,2022-08-31 09:23:15.695+00,2022-08-31 09:23:15.695+00
20 контейнер НС,2022-08-31 09:23:15.695+00,2022-08-31 09:23:15.695+00
20 реф контейнер,2022-08-31 09:23:15.695+00,2022-08-31 09:23:15.695+00
20  танк контейнер,2022-08-31 09:23:15.695+00,2022-08-31 09:23:15.695+00
40 контейнер,2022-08-31 09:23:15.695+00,2022-08-31 09:23:15.695+00
40 контейнер НС,2022-08-31 09:23:15.695+00,2022-08-31 09:23:15.695+00
40 реф контейнер,2022-08-31 09:23:15.695+00,2022-08-31 09:23:15.695+00
40  танк контейнер,2022-08-31 09:23:15.695+00,2022-08-31 09:23:15.695+00
45 контейнер (нов),2022-08-31 09:23:15.695+00,2022-08-31 09:23:15.695+00
45 контейнер (стар),2022-08-31 09:23:15.695+00,2022-08-31 09:23:15.695+00
45 реф контейнер,2022-08-31 09:23:15.695+00,2022-08-31 09:23:15.695+00
другой,2022-08-31 09:23:15.695+00,2022-08-31 09:23:15.695+00
